count,hashtags
94,#ai
45,#ÏõêÌò∏ÏÇ¨ÎûëÌï¥
42,#wonhocomeback
34,#halloween
28,#machinelearning
24,#legendofheinktober
22,#lookathernow
22,#933kobfmtakeover
22,#wemadeit
18,#‡∏ß‡∏≤‡∏£‡πå‡∏õ‡∏™‡∏¥‡∏ß‡∏∞
16,#jav
14,#robotics
12,#giveaway
11,#countdowntohalloween
11,#artificialintelligence
11,#bigdata
11,#warpsiwahub
10,#halloween2019
9,#iot
9,#avengersendgame
8,#movie
8,#taeyeon
8,#d‚Ä¶rt
8,#bigil
7,#rt
6,#vr
6,#5g
6,#fintech
6,#digitaltransformation
6,#app
6,#warpsiwax
6,#population
6,#archives
6,#ÌÉúÏó∞
6,#automation
5,#healthtech
5,#ar
5,#internetofthings
5,#ml
5,#Î∏îÎûôÌïëÌÅ¨
5,#1
5,#Î∂àÌã∞
5,#bumpparty
5,#happyhalloween
5,#python
5,#horror
5,#lisa
5,#Î¶¨ÏÇ¨
5,#lalisa
5,#spinel
5,#stevenuniversethemovie.
5,#museumtrickortreat
5,#spark
5,#‚Ä¶rt
5,#avengers
4,#robots
4,#soldiers
4,#army
4,#4
4,#ÏòπÏÑ±Ïö∞
4,#ongseongwu
4,#happyhalloween2019
4,#groot
4,#rocketraccoon
4,#wemadeit!
4,#technology
4,#makebuddiehappen
4,#robot
4,#guardiansofthegalaxy
4,#drax
4,#starlord
4,#datascience
4,#autonomousvehicle
3,#javascript
3,#smartcities
3,#business
3,#analytics
3,#reddie
3,#joker
3,#adultwork.com!
3,#teammichaelmyers
3,#blueskylightning
3,#startup
3,#ÏõêÌò∏ÌÉàÌá¥Î∞òÎåÄ
3,#fanart
3,#rey
3,#leia
3,#sanki
3,#artificialintelligencert
3,#ehealth
3,#digitalhealth
3,#usa
3,#mccoydeleon
3,#hauntedmanilafestival.
3,#itchapter2
3,#ceos
3,#internet
3,#bi‚Ä¶rt
3,#algiers
3,#‚Ä¶
3,#umidigipower3
3,#powermonster
3,#pwc
3,#gamora
3,#emergingtech
3,"#ai,"
3,#unforgettable
3,#isapawithfeelings
3,#starwarsfanart
3,#starwars
3,#movies
2,#imdb
2,#filmdirector
2,#filmcomposer
2,#makingmovies
2,#marketing
2,#isapawithfeelings3rdweekna
2,#java
2,#programming
2,#code
2,#notimetodie
2,#behindthescenes
2,#writingcommunity.
2,#music
2,#futureofwork:
2,#ceos‚Äô
2,#talent
2,#china
2,#theheiress
2,#ados
2,#art
2,#thepresent
2,#suho
2,#ÏàòÌò∏
2,#ebay
2,#netflix
2,#protests
2,#michaelmyers
2,#apexleg‚Ä¶rt
2,#blockchain
2,#exit
2,#ÏÜåÎÖÄÏãúÎåÄ
2,#girlsgeneration
2,#purpose
2,#ai‚Ä¶rt
2,#mantis‚Ä¶rt
2,#3dprint
2,#smartphones
2,#eli
2,#bracket‚Ä¶rt
2,#‡∏≠‡∏∞‡πÑ‡∏£‡∏≠‡∏∞‡πÑ‡∏£‡∏Å‡πá‡∏ï‡∏µ‡πã
2,#‡πÄ‡∏ï‡πâ‡∏ï‡∏¥‡∏™‡∏ä‡∏µ‡∏ß‡∏¥‡∏ï‡πÇ‡∏•‡πÄ‡∏ó‡∏Ñ
2,#‡πÄ‡∏ï‡πâ‡∏ï‡∏µ‡πã‡∏ä‡∏π‡πâ‡∏£‡∏±‡∏Å‡πÄ‡∏£‡∏∑‡∏≠‡∏•‡πà‡∏°
2,#branding‚Ä¶
2,#theriseofskywalker
2,#338
2,#347
2,#monsta_x
2,#491
2,#virtualreality
2,#2019
2,#laureate
2,#digital
2,#robotic
2,#screenwriter
2,#a350
2,#wppaunz's
2,#ruby
2,#rubyonrails
2,#data
2,#jamesbond
2,#filmproduction
2,#ditchthetories
2,#tech
2,#46fire.
2,#porn
2,#halloween19
2,#ÏÑ†Î¨º
2,#exo
2,#ÏóëÏÜå
2,#soundtrack
2,#ost
2,#150
2,#akgeria
2,#srk
2,#impeachmentinquiry
2,#happy
2,#‡∏≠‡∏á‡∏ã‚Ä¶rt
2,#brucespringsteen
2,#3dprinted
2,#deeplearning
2,#flyoverstateoffilm
2,#gsbxsbfive
2,#‡πÄ‡∏ï‡πâ‡∏ï‡∏µ‡πã
2,#adultwork.com
2,#branding
2,#welovewonho
2,#bts
2,#txt
2,#989
2,#t‚Ä¶rt
2,#artificialintellige‚Ä¶rt
2,#isapa‚Ä¶rt
2,#my‚Ä¶rt
1,#bollywood‚Ä¶rt
1,#deep‚Ä¶rt
1,#49erfaithfulrt
1,#ugc
1,#iot‚Ä¶in
1,#jurassicpark
1,#wolverine
1,#apexleg‚Ä¶@lilyaolani
1,#datas‚Ä¶report
1,#code8movie
1,#code82019
1,#duuuuval
1,#cryptocurrencies
1,#bitcoin:
1,#xrp:
1,#bitcoincas‚Ä¶rt
1,#dinovember
1,#sexworkers
1,#midwaymovie
1,#halloween2019rt
1,#datas‚Ä¶rt
1,#stuberrt
1,#desserts
1,#thankfulthursday
1,#friday‚Ä¶@sadpalermo
1,#computervision.
1,#videoanalytics
1,#internetofthings:
1,#countdownmovie
1,#mtayoualwayssuck
1,#whocaresanywaypodcast
1,#computarte
1,#thelighthouse
1,#isapawithfeelin‚Ä¶hooptober
1,#newmusicalert
1,#future.
1,#americans
1,#iot‚Ä¶a
1,#dogwarden
1,#48
1,#64
1,#halloweencostume
1,#halloweencostumes
1,#costume
1,#d‚Ä¶@monde_monz
1,#sculpture
1,#travel1k
1,#kofindort
1,#dl
1,#insurtech
1,#d‚Ä¶@lirr
1,#dream11
1,#scoobydoo
1,#protestsrt
1,#automation‚Ä¶rt
1,#humour
1,#rpai‚Äôm
1,#specialedition
1,#limitededition
1,#celebrity
1,#xiaozhan
1,#legacies
1,#daysda
1,#thecraft
1,#productivity
1,#digitalempirenation
1,#d‚Ä¶@tamilthehindu
1,#shortfilm¬†#scripts
1,#touchscreen
1,#binance
1,#harlowharrison
1,#Ïû¨Î≤î
1,#Ï†úÏù¥ÎπÑ
1,#got7
1,#hocuspocus
1,#bewild‚Ä¶
1,"#onpassiveso,"
1,#aiforhumanity
1,"#productivity,"
1,"#bu‚Ä¶lol,"
1,#d‚Ä¶halloween???
1,#6yrsofblockbusterarrambamrt
1,#ra‚Ä¶rt
1,#networksecurity?‚Ä¶rt
1,#reointhecommunity
1,#superfl‚Ä¶rt
1,#data‚Ä¶@empereurglory
1,#endviolence
1,"#,‚Ä¶"
1,#batman
1,#dccomics
1,#transportation
1,#skype
1,#naughty
1,#fun
1,#humilated
1,#80smovies
1,#cultfilm
1,#playingwithfire
1,#ad
1,#content‚Ä¶from
1,#mold
1,#voice‚Ä¶
1,#data‚Ä¶rt
1,#cyborg
1,#innovatio‚Ä¶@bobbydez1
1,#halloween?
1,#housefull4
1,#cybersecurity
1,#databreach
1,#ran‚Ä¶rt
1,#„ÉÜ„É®„É≥
1,#ÈáëÂ§™Â¶ç
1,#gg
1,#httr@f1requ33n
1,#doctorsleep
1,#welcomehometeson
1,#tbt
1,#mwc19
1,#powerpoint
1,#tachaxteebillz
1,#publiccloud
1,#ibm
1,#complainers
1,#happyhalloween2019i‚Äôm
1,#clerks3
1,#asuran
1,#karthi20
1,#rrbc
1,#romance
1,#butterscotch
1,#ungroundable
1,#halloween¬†
1,#blackedraw
1,#deepthroat
1,#aibest
1,#d‚Ä¶tonight‚Äôs
1,#d‚Ä¶pti
1,#youthdevelopment
1,#communitydevelopment
1,#healthcarert
1,#women
1,#nlp‚Ä¶
1,#digitalhealt‚Ä¶the
1,#fordvferrari!
1,#joker@d16584667
1,#bushwick.
1,#helloasia19
1,#idiots
1,#hololens
1,#smarttv
1,#sofabed
1,#soundsystem
1,#shopcourts
1,#apexleg‚Ä¶before
1,#tae‚Ä¶(
1,#playingwithfiremovie
1,#science
1,#31daysofhorror
1,#autonomousvehicles
1,#charlestonheston
1,#goldengirls
1,#crowfunding
1,#fintechuk
1,"#starwars,"
1,#marketingrt
1,#tae‚Ä¶rt
1,#whooty
1,#retailers
1,#jum‚Ä¶rt
1,#london‚Ä¶
1,#mainemendoza
1,#haskell
1,#blacktwittermovement
1,#sfxmakeup
1,#makeup
1,#grimage
1,#sfx
1,#cancer
1,#industry40
1,#griddb.
1,#dota2
1,#gosuai
1,#werwaiting
1,#industry40‚Ä¶rt
1,#videogame
1,#deepmind‚Ä¶
1,#my‚Ä¶i
1,#industrialinternetofthings
1,#di‚Ä¶@edanclay
1,#shitwaswackboo!
1,#trickortreat
1,#findom
1,#femdom
1,#chastity
1,#sugardaddy
1,#ai‚Ä¶
1,#excitingtimes‚Ä¶
1,#irishmanthe2019my
1,#artifcialintelligence
1,#hal9000
1,#glados
1,#giantschnauzer
1,#schnauzergang‚Ä¶
1,#saandkiaankh.
1,#cbnmovienight
1,#ghostadventures
1,#curseoftheharrisvillefarmhouse
1,#easyfire
1,#hrtech
1,#2005
1,#animeright
1,#okseeyou
1,#tiktok
1,#freddyvsjason
1,#futurism
1,#ne‚Ä¶rt
1,#luigismansion3
1,#trending:
1,#pyton
1,#analyt‚Ä¶the
1,#me
1,#caseybec‚Ä¶rt
1,#intothetallgrass‚Ä¶
1,#ceo
1,#ww‚Ä¶if
1,#feelfearless
1,#bigildiwali
1,#inktober2019
1,"#alphastar,"
1,#arc
1,#1992
1,#stuartdevenie
1,#timothybalme
1,#comedy
1,#murraymilne
1,#dystopian
1,#future?
1,#ego
1,#egoism‚Ä¶
1,#onceuponatimeinhollywood
1,#iot‚Ä¶watched
1,#leaguehim
1,#sawrewatch
1,#jigsaw
1,#longhalloween
1,#bercow
1,#ubacards
1,#hrithikroshan
1,#exo's
1,#movie.
1,#sarahg
1,#popsters
1,#dog
1,#digitalartwork
1,#digitalpainting
1,#flowers‚Ä¶rt
1,#109496.
1,#moviequiz
1,#smarthome
1,#allhallowseve...
1,#folklorethursday
1,#spooky
1,#s‚Ä¶just
1,#lupitanyongo
1,#sarileruneekev‚Ä¶rt
1,"#halloween,"
1,#aoasorry
1,#queendom
1,#teamfollowbackrt
1,#cognitivesofa
1,#spiderman
1,#atlee
1,#newhorrormovies
1,#goat
1,#project
1,#tankgirl
1,#impact
1,#bulldozer
1,#sales
1,#haggard
1,#code8
1,#endoscopy?
1,#griddb
1,#nosql
1,#ti‚Ä¶rt
1,#data‚Ä¶halloween
1,#ethereum:
1,"#bienvenue,"
1,#nerdtrivia?
1,#bias
1,#hollywood
1,"#booksofblood,"
1,#incredible
1,#aroundtheworld
1,#wednesdaythoughts
1,#manufacturing
1,#fintech‚Ä¶
1,#or
1,#wtf
1,#.lettersforjin
1,#innovation
1,#teamgratton
1,#it‚Ä¶rt
1,#‡∏≠‡∏á‡∏ã‚Ä¶@kinowolf
1,#halloweenmovi‚Ä¶rt
1,#coventry
1,#61
1,#blogpost:
1,#rickjames
1,#costumecontest
1,#puppetmaster
1,#pjotvshowrt
1,#halloweencatparade
1,#sanayairani
1,#laboum
1,#ÎùºÎ∂ê
1,#5
1,#recrt
1,#dlrt
1,#ditchbrexit
1,#tae‚Ä¶@atuin_express
1,#kaithi
1,#hamont
1,#gospelmovie
1,#g‚Ä¶rt
1,#humor
1,#technews
1,#nlp
1,"#cinema,"
1,#socialnetwork
1,#ËÇñÊàò
1,#amreadingromance
1,#tvtime
1,#mcpe/#mcbedrock:
1,#rainy
1,#boosting
1,#earbuds.
1,#stacylondon
1,#screenwriting
1,#‡∏≠‡∏á‡∏ã‚Ä¶yo
1,#frightnightscifbuster
1,#smartwatch
1,#a‚Ä¶on
1,#bitcoin
1,#bot
1,#jb
1,#jjproject
1,#Í∞ìÏÑ∏Î∏ê
1,#jus2
1,"#innovation,"
1,"#competition,"
1,#win
1,#thala53
1,#d‚Ä¶@chewstroke
1,#joaquinphoenix's
1,#thesistersbrothers
1,#gladiator
1,"#,,code:"
1,"#,,,(425)"
1,#smartcity
1,#80s
1,#termi‚Ä¶rt
1,#halloweenmovieüéÉ
1,#halloweentheme
1,#classichorror
1,#slasher‚Ä¶
1,#socialmedia
1,#digitalmarketing
1,#petta
1,#d‚Ä¶new
1,#wales
1,#film
1,#futureofwork
1,#bluetooth
1,#bigil‚Äôs
1,#tuition
1,#halloween19‚Ä¶
1,#taeyeonscream?rt
1,#nutter
1,#halloween2019@glitter_bat_
1,#ohgg
1,#Â∞ëÂ•≥ÊôÇ‰ª£
1,#snsd
1,#cool
1,#nowwatching
1,#gamora‚Ä¶
1,#@cryptodemedici
1,#‚Ä¶@vp
1,#tachaisclout
1,#tachalikenoother
1,#halloweenfridayfashion
1,#¬†1475
1,#harriettubman
1,#stevens
1,"#wisconsin...',"
1,#ai!
1,#885
1,#review
1,#readyplayeronert
1,#southpark
1,#halloween‚Ä¶
1,#mantis‚Ä¶don‚Äôt
1,#@maatlamaytrace
1,#globeimposter
1,#ransomware
1,#medusalocker)??
1,#blacked
1,#bbc
1,#bigtits
1,#rimjob
1,#doggy
1,#pahouse.
1,#trouthall
1,#football‚Ä¶
1,#polo
1,#vest
1,#womenwhocode
1,#warpsiwamax
1,#applebees
1,#applebeesbonelesswings
1,#applebeeschallenge‚Ä¶
1,#jokermovie
1,#@voxdotcom
1,#mr
1,#telemedicine
1,#adosüé•get
1,#investing?
1,#wealthtech
1,#cliv‚Ä¶rt
1,#„Éè„É≥„Çª„É†
1,#digitalhealt‚Ä¶rt
1,#artificialintelligence@hrtablaze
1,#trailer
1,#afilmpodyssey‚Ä¶
1,#raidernation
1,#uncen
1,#‡∏´‡∏ô‡∏±‡∏á‡πÄ‡∏ï‡πá‡∏°‡πÄ‡∏£‡∏∑‡πà‡∏≠‡∏á‡πÄ‡∏â‡∏û‡∏≤‡∏∞‡∏™‡∏°‡∏≤‡∏ä‡∏¥‡∏Åvip
1,#37:
1,#selfdriving
1,#‡∏î‡∏¥‡∏ß‡πÑ‡∏õ‡∏î‡πâ‡∏ß‡∏¢‡∏Å‡∏±‚Ä¶rt
1,#savespiderman
1,#justiceleague
1,#bohemianrhapsodylooks
1,#harrypotter
1,#whatsapp
1,#halloween.
1,#metromoola
1,#blackmen
1,#eternalsunshineofthespotlessmind
1,#bloodquantum
1,#horrormovies
1,#enterprise
1,#tech‚Ä¶
1,#jokerfilm.
1,#docker
1,#csharp
1,#nodejs
1,#react
1,#reactj‚Ä¶rt
1,#chatbots
1,#discoverbotpart‚Ä¶this
1,#artificialin‚Ä¶@herrmann_ron
1,#bbcqt‚Ä¶interesting
1,"#devildogthehoundofhell,"
1,#hanszimmer
1,#africantempo
1,#thelionking‚Ä¶
1,#unforgettablemovie
1,#makeupartist
1,#fauxsang
1,#squelette
1,#makeupforever‚Ä¶
1,#industria‚Ä¶rt
1,#hustlersmovie
1,#girlsgeneration's
1,#slycooper
1,#crushitmichaelwestenrt
1,#healthcare?
1,#infographic
1,#wink
1,#harriet@hollye83
1,#humanplayers
1,#starcraftii
1,#dlgreat
1,#4ir
1,#ro‚Ä¶now
1,#autonomous
1,#iiot
1,#diddy
1,#sissy
1,#humiliation.
1,#xdress
1,#nipple
1,#wheel
1,#blackmail
1,#stretch
1,#bertcastspodcast
1,#strava
1,#alfaontheroad2019
1,#software
1,#b‚Ä¶what's
1,#afisilver
1,#in‚Ä¶rt
1,#skynet
1,#yuvarathnaa
1,#dogsofinstagram
1,#dogoftheday
1,#notmyharriet
1,#tamuchc2k19
1,#endsmedia
1,#goals
1,#hr
1,#lordofwarmovie.
1,#directed
1,#kimsconvenience
1,#pythonic
1,"#ml,"
1,#superfluidworldtour
1,#thekillingoftwolovers
1,#claynecrawford
1,#state
1,#scream
1,#quotes
1,#love
1,#quote
1,#life‚Ä¶
1,#zlatan@terminator
1,#actuallyrt
1,#download
1,#high
1,#def
1,#research
1,#connected
1,#wonhoweloveyou
1,#nowplaying
1,#pjotvshow
1,#deakin
1,#peterjackson
1,#humans
1,#bareback
1,#epicporn
1,#pissplay
1,"#datascientists,"
1,#halloween!
1,#harrogate
1,#sehun
1,#louisvuitton!
1,#lvph‚Ä¶i'm
1,#Ìõ§Ìò∏ÏÇ¨ÎûëÌï¥
1,"#quadtalk,"
1,#txst
1,#idc
1,#cloud
1,#ind‚Ä¶rt
1,#congratulations
1,#milo
1,#digitalart
1,#digitaldrawing
1,#ectbracket
1,#boxoffice
1,#itsm
1,#transpare‚Ä¶the
1,#usmovie
1,#halloweenhorrornights:
1,#‚Ä¶favorite
1,#mychem
1,#spiderverse
1,#jojorabbit
1,#samrockwell‚Ä¶
1,#ados.‚Ä¶
